Age_Group,User_total,Total_Revenue
<10,24,108.95999999999998
10-14,15,50.94999999999999
15-19,107,412.8899999999998
20-24,258,1114.0600000000006
25-29,77,292.99999999999983
30-34,52,214.0
35-39,38,170.91999999999996
40+,5,14.99
