Gender,player count,PC,revenue
Female,81,10,361.93999999999966
Male,484,62,1967.6399999999994
Other / Non-Disclosed,11,1,50.190000000000005
